org,model_id,primary,backend,curve_type,fixed_voltage,npz_path,n_points,mse_ln,mae_ln,rmse_ln,r2_ln,mse_abs,mae_abs,rmse_abs,r2_abs
Org1,org1_exp1,True,sklearn,transfer,-4.0,/home/rsb6/Desktop/TCC/TCC implementation/Model_OTFT/synthetic_inference_runs/Org1/Org1/tipo_p/transfer/transfer-neg4V_synth_000.npz,1500,0.014477747085325393,0.11230672872637854,0.12032351011055734,0.998659353327819,0.010000691446802028,0.06584891788446444,0.10000345717424987,0.9803078890373083
Org1,org1_exp1,True,sklearn,transfer,-6.0,/home/rsb6/Desktop/TCC/TCC implementation/Model_OTFT/synthetic_inference_runs/Org1/Org1/tipo_p/transfer/transfer-neg6V_synth_001.npz,1500,0.004589908354237137,0.06342454576631316,0.06774886238334292,0.9996036435867315,0.0034117158739692516,0.04038153937449293,0.058409895342906165,0.9966077316227706
Org1,org1_exp1,True,sklearn,transfer,-8.0,/home/rsb6/Desktop/TCC/TCC implementation/Model_OTFT/synthetic_inference_runs/Org1/Org1/tipo_p/transfer/transfer-neg8V_synth_002.npz,1500,0.001258732046228421,0.028871189975642666,0.03547861392766664,0.9998963926966713,0.0009660563715439555,0.018592446993416868,0.03108144738495869,0.9993851288297897
Org1,org1_exp1,True,sklearn,transfer,-10.0,/home/rsb6/Desktop/TCC/TCC implementation/Model_OTFT/synthetic_inference_runs/Org1/Org1/tipo_p/transfer/transfer-neg10V_synth_003.npz,1500,0.0007774605863760278,0.022872225613312057,0.02788298022765909,0.9999381850698488,0.000718986842841819,0.01616340688361646,0.02681393001486017,0.9996663328896236
Org1,org1_exp1,True,sklearn,transfer,-12.0,/home/rsb6/Desktop/TCC/TCC implementation/Model_OTFT/synthetic_inference_runs/Org1/Org1/tipo_p/transfer/transfer-neg12V_synth_004.npz,1500,0.00088660261812889,0.024363499276835954,0.02977587308760047,0.9999313022856127,0.0012934696160570188,0.022476628263996355,0.03596483860740958,0.9995247990401789
Org1,org1_exp1,True,sklearn,output,-32.0,/home/rsb6/Desktop/TCC/TCC implementation/Model_OTFT/synthetic_inference_runs/Org1/Org1/tipo_p/output/output-neg32V_synth_000.npz,1500,0.010223325188176171,0.07703365828080143,0.1011104603301566,0.9559058257535454,0.004356921307559649,0.059343251976633364,0.06600697923371171,0.9238320025789248
Org1,org1_exp1,True,sklearn,output,-34.0,/home/rsb6/Desktop/TCC/TCC implementation/Model_OTFT/synthetic_inference_runs/Org1/Org1/tipo_p/output/output-neg34V_synth_001.npz,1500,0.009658258978380779,0.07350095368381934,0.09827644162453572,0.9607315434815338,0.00716504410118154,0.07432560253158142,0.08464658351747896,0.9361113835901911
Org1,org1_exp1,True,sklearn,output,-36.0,/home/rsb6/Desktop/TCC/TCC implementation/Model_OTFT/synthetic_inference_runs/Org1/Org1/tipo_p/output/output-neg36V_synth_002.npz,1500,0.009203607266833795,0.07083556316402487,0.09593543280161818,0.9644886389746153,0.012017250633773074,0.09339531620681626,0.10962322123424888,0.942219239265091
Org1,org1_exp1,True,sklearn,output,-38.0,/home/rsb6/Desktop/TCC/TCC implementation/Model_OTFT/synthetic_inference_runs/Org1/Org1/tipo_p/output/output-neg38V_synth_003.npz,1500,0.008693545000222867,0.07359056242031772,0.09323918167928581,0.9679900513027724,0.02002360469086816,0.12989802373877715,0.14150478681256037,0.9455541051841703
Org1,org1_exp1,True,sklearn,output,-40.0,/home/rsb6/Desktop/TCC/TCC implementation/Model_OTFT/synthetic_inference_runs/Org1/Org1/tipo_p/output/output-neg40V_synth_004.npz,1500,0.008076065068682223,0.0731558332971141,0.08986692978333144,0.9714901523360391,0.032295805548031235,0.16892001056929784,0.17971033789971916,0.9482526723782269
Org1,org1_exp1,True,sklearn,output,-42.0,/home/rsb6/Desktop/TCC/TCC implementation/Model_OTFT/synthetic_inference_runs/Org1/Org1/tipo_p/output/output-neg42V_synth_000.npz,1500,0.0094297406725585,0.07165486749369289,0.09710685183115814,0.9704551073731458,0.04974321861890192,0.20640615988223215,0.2230318780329438,0.9522168684893048
Org1,org1_exp1,True,sklearn,output,-44.0,/home/rsb6/Desktop/TCC/TCC implementation/Model_OTFT/synthetic_inference_runs/Org1/Org1/tipo_p/output/output-neg44V_synth_001.npz,1500,0.008669993606830746,0.06688834009827523,0.09311280044564628,0.9737193987610858,0.07374321427326123,0.24238872824653715,0.2715570184570107,0.9553054324840641
Org1,org1_exp1,True,sklearn,output,-46.0,/home/rsb6/Desktop/TCC/TCC implementation/Model_OTFT/synthetic_inference_runs/Org1/Org1/tipo_p/output/output-neg46V_synth_002.npz,1500,0.008041479686593158,0.06314795694752183,0.08967429780373615,0.9763525541879136,0.10751281860219469,0.2832572136634577,0.3278914738174732,0.9577210800991
Org1,org1_exp1,True,sklearn,output,-48.0,/home/rsb6/Desktop/TCC/TCC implementation/Model_OTFT/synthetic_inference_runs/Org1/Org1/tipo_p/output/output-neg48V_synth_003.npz,1500,0.007700238846333145,0.06294397249423897,0.08775100481665805,0.9779796489965581,0.1610088165047501,0.3440621217361013,0.4012590391564408,0.9578809163841459
Org1,org1_exp1,True,sklearn,output,-50.0,/home/rsb6/Desktop/TCC/TCC implementation/Model_OTFT/synthetic_inference_runs/Org1/Org1/tipo_p/output/output-neg50V_synth_004.npz,1500,0.008041878314867159,0.06895566475031048,0.08967652042127393,0.9775892148524339,0.2659431582617892,0.45211358033393073,0.5156967696832987,0.9526727512340414
Org1,org1_exp1,True,sklearn,transfer,-52.0,/home/rsb6/Desktop/TCC/TCC implementation/Model_OTFT/synthetic_inference_runs/Org1/Org1/tipo_p/transfer/transfer-neg52V_synth_000.npz,1500,0.06206798553156578,0.19183574857649222,0.2491344727884236,0.9964283624382987,0.04670388125898634,0.11744332208492168,0.21611080782549108,0.9913509051787159
Org1,org1_exp1,True,sklearn,transfer,-54.0,/home/rsb6/Desktop/TCC/TCC implementation/Model_OTFT/synthetic_inference_runs/Org1/Org1/tipo_p/transfer/transfer-neg54V_synth_001.npz,1500,0.062297473016584434,0.19024169405613445,0.24959461736300412,0.996417630803203,0.04572387329193219,0.1162671063806729,0.21383141324869037,0.9915027982708344
Org1,org1_exp1,True,sklearn,transfer,-56.0,/home/rsb6/Desktop/TCC/TCC implementation/Model_OTFT/synthetic_inference_runs/Org1/Org1/tipo_p/transfer/transfer-neg56V_synth_002.npz,1500,0.05706620074449752,0.18070653439106574,0.2388853296971112,0.996720647670533,0.04345113857427486,0.11288542979688634,0.20844936693181598,0.9918943644716531
Org1,org1_exp1,True,sklearn,transfer,-58.0,/home/rsb6/Desktop/TCC/TCC implementation/Model_OTFT/synthetic_inference_runs/Org1/Org1/tipo_p/transfer/transfer-neg58V_synth_003.npz,1500,0.04652605125861004,0.16261249490158125,0.2156989829800086,0.9973280904093274,0.03990436757935333,0.10738682483066228,0.1997607758779319,0.9925257714099361
Org1,org1_exp1,True,sklearn,transfer,-60.0,/home/rsb6/Desktop/TCC/TCC implementation/Model_OTFT/synthetic_inference_runs/Org1/Org1/tipo_p/transfer/transfer-neg60V_synth_004.npz,1500,0.03210049005356689,0.13577351288730588,0.17916609627261204,0.9981577034286101,0.035269281887247116,0.10026624969810809,0.18780117647993347,0.9933658436453755
Org1,org1_exp1,True,sklearn,output,-52.0,/home/rsb6/Desktop/TCC/TCC implementation/Model_OTFT/synthetic_inference_runs/Org1/Org1/tipo_p/output/output-neg52V_synth_000.npz,1500,0.013162732249268666,0.08821313324293245,0.11472895122534968,0.967212544937273,0.5201522390165729,0.6607924954240599,0.7212158061333466,0.9366335520953474
Org1,org1_exp1,True,sklearn,output,-54.0,/home/rsb6/Desktop/TCC/TCC implementation/Model_OTFT/synthetic_inference_runs/Org1/Org1/tipo_p/output/output-neg54V_synth_001.npz,1500,0.018875200232722038,0.1195702037157336,0.1373870453598957,0.9539667566234925,1.1999944333607129,1.0360154148852967,1.0954425741957965,0.89660429480682
Org1,org1_exp1,True,sklearn,output,-56.0,/home/rsb6/Desktop/TCC/TCC implementation/Model_OTFT/synthetic_inference_runs/Org1/Org1/tipo_p/output/output-neg56V_synth_002.npz,1500,0.03397546753737494,0.16983218215392523,0.18432435416237036,0.9187652871187038,2.9963368338032543,1.6619739545706504,1.7309930195709209,0.8143271598052523
Org1,org1_exp1,True,sklearn,output,-58.0,/home/rsb6/Desktop/TCC/TCC implementation/Model_OTFT/synthetic_inference_runs/Org1/Org1/tipo_p/output/output-neg58V_synth_003.npz,1500,0.06850103870364034,0.2435636736032312,0.26172703089982957,0.8392386201726022,7.409534204373432,2.630046344340894,2.722045959269136,0.6647210350014845
Org1,org1_exp1,True,sklearn,output,-60.0,/home/rsb6/Desktop/TCC/TCC implementation/Model_OTFT/synthetic_inference_runs/Org1/Org1/tipo_p/output/output-neg60V_synth_004.npz,1500,0.14048803855377,0.3456295038863975,0.3748173402522488,0.6760430852872755,17.266055083355358,4.025977553960453,4.15524428684468,0.4214410188434209
Org2,org2_exp1,True,sklearn,output,-22.0,/home/rsb6/Desktop/TCC/TCC implementation/Model_OTFT/synthetic_inference_runs/Org2/Org2/tipo_p/output/output-neg22V_synth_000.npz,1500,0.19840128080177033,0.16521971589543957,0.44542258676651136,0.23703101597570908,0.13578909360813318,0.22602121797442332,0.36849571721816954,0.5372051964342341
Org2,org2_exp1,True,sklearn,output,-24.0,/home/rsb6/Desktop/TCC/TCC implementation/Model_OTFT/synthetic_inference_runs/Org2/Org2/tipo_p/output/output-neg24V_synth_001.npz,1500,0.20418136964058176,0.170896462318236,0.4518643265855159,0.28161277706552545,0.2722908234451071,0.33406488157736064,0.5218149321791271,0.6035904127070392
Org2,org2_exp1,True,sklearn,output,-26.0,/home/rsb6/Desktop/TCC/TCC implementation/Model_OTFT/synthetic_inference_runs/Org2/Org2/tipo_p/output/output-neg26V_synth_002.npz,1500,0.2077196239569798,0.17539684459632765,0.4557626838136047,0.3223159838049112,0.49389153579187,0.46854300044386915,0.7027741712612026,0.6571061845940688
Org2,org2_exp1,True,sklearn,output,-28.0,/home/rsb6/Desktop/TCC/TCC implementation/Model_OTFT/synthetic_inference_runs/Org2/Org2/tipo_p/output/output-neg28V_synth_003.npz,1500,0.20958510488484047,0.1787283625794075,0.4578046579981908,0.35948543513477915,0.8287238912307054,0.6296935239227162,0.9103427328378612,0.7010176983764044
Org2,org2_exp1,True,sklearn,output,-30.0,/home/rsb6/Desktop/TCC/TCC implementation/Model_OTFT/synthetic_inference_runs/Org2/Org2/tipo_p/output/output-neg30V_synth_004.npz,1500,0.21009898659829343,0.1807780121299847,0.45836556000455947,0.39374790403130666,1.3043991372574963,0.8154107186613886,1.1421029451225035,0.7380432902885476
Org2,org2_exp1,True,sklearn,output,-32.0,/home/rsb6/Desktop/TCC/TCC implementation/Model_OTFT/synthetic_inference_runs/Org2/Org2/tipo_p/output/output-neg32V_synth_000.npz,1500,0.18943682602778264,0.17666980982809033,0.43524341009116113,0.4435350496636875,1.9084306503648016,1.0146236851968689,1.3814596086620852,0.7710550756906337
Org2,org2_exp1,True,sklearn,output,-34.0,/home/rsb6/Desktop/TCC/TCC implementation/Model_OTFT/synthetic_inference_runs/Org2/Org2/tipo_p/output/output-neg34V_synth_001.npz,1500,0.18744419201246768,0.17521196863596825,0.4329482555831212,0.47520523604966947,2.6967557676418665,1.223631443032545,1.6421801873247244,0.8004876937895203
Org2,org2_exp1,True,sklearn,output,-36.0,/home/rsb6/Desktop/TCC/TCC implementation/Model_OTFT/synthetic_inference_runs/Org2/Org2/tipo_p/output/output-neg36V_synth_002.npz,1500,0.18392168636118797,0.17160991330310169,0.4288609172694429,0.5070050948517251,3.6112020489197616,1.4225385990840629,1.9003163023348932,0.8285470559383014
Org2,org2_exp1,True,sklearn,output,-38.0,/home/rsb6/Desktop/TCC/TCC implementation/Model_OTFT/synthetic_inference_runs/Org2/Org2/tipo_p/output/output-neg38V_synth_003.npz,1500,0.17866311603942037,0.1663599985989842,0.42268559951744317,0.5397778545708187,4.590160594872483,1.6040967777643933,2.1424660078686157,0.8552865398584897
Org2,org2_exp1,True,sklearn,output,-40.0,/home/rsb6/Desktop/TCC/TCC implementation/Model_OTFT/synthetic_inference_runs/Org2/Org2/tipo_p/output/output-neg40V_synth_004.npz,1500,0.1716198009698426,0.16086919603454652,0.41427020285055816,0.5738085816805889,5.603273506797117,1.7864546767796612,2.367123466741251,0.8791747604708816
Org2,org2_exp1,True,sklearn,transfer,-42.0,/home/rsb6/Desktop/TCC/TCC implementation/Model_OTFT/synthetic_inference_runs/Org2/Org2/tipo_p/transfer/transfer-neg42V_synth_000.npz,1500,0.013029612338001022,0.10261971031035273,0.11414732733621502,0.9991717693136111,2.543980011957449,0.9452336515934606,1.594985897102996,0.978549070216384
Org2,org2_exp1,True,sklearn,transfer,-44.0,/home/rsb6/Desktop/TCC/TCC implementation/Model_OTFT/synthetic_inference_runs/Org2/Org2/tipo_p/transfer/transfer-neg44V_synth_001.npz,1500,0.01839493379576951,0.12099820201693308,0.1356279241003471,0.9988311615819127,3.639806091781861,1.1126941167766655,1.9078275843958912,0.9693090318057535
Org2,org2_exp1,True,sklearn,transfer,-46.0,/home/rsb6/Desktop/TCC/TCC implementation/Model_OTFT/synthetic_inference_runs/Org2/Org2/tipo_p/transfer/transfer-neg46V_synth_002.npz,1500,0.025300829847673307,0.14089087795068497,0.1590623457882893,0.9983929307020755,5.006524172269284,1.2867571414877443,2.2375263511899215,0.9577718456417894
Org2,org2_exp1,True,sklearn,transfer,-48.0,/home/rsb6/Desktop/TCC/TCC implementation/Model_OTFT/synthetic_inference_runs/Org2/Org2/tipo_p/transfer/transfer-neg48V_synth_003.npz,1500,0.03390560079030002,0.16204455465194542,0.18413473542572031,0.9978471198393053,6.636527170684004,1.4633873221186005,2.5761457976372384,0.9439940940351361
Org2,org2_exp1,True,sklearn,transfer,-50.0,/home/rsb6/Desktop/TCC/TCC implementation/Model_OTFT/synthetic_inference_runs/Org2/Org2/tipo_p/transfer/transfer-neg50V_synth_004.npz,1500,0.04431552548173553,0.18419452696941735,0.21051253046252502,0.9971870865456066,8.504562075837615,1.6389879360322788,2.916258232022263,0.9281812652957486
Org2,org2_exp1,True,sklearn,output,-42.0,/home/rsb6/Desktop/TCC/TCC implementation/Model_OTFT/synthetic_inference_runs/Org2/Org2/tipo_p/output/output-neg42V_synth_000.npz,1500,0.16314460539081818,0.1575382801651163,0.40391163067039576,0.6085597384844061,6.797143288943497,2.0319629855956296,2.6071331552000747,0.8971558614837634
Org2,org2_exp1,True,sklearn,output,-44.0,/home/rsb6/Desktop/TCC/TCC implementation/Model_OTFT/synthetic_inference_runs/Org2/Org2/tipo_p/output/output-neg44V_synth_001.npz,1500,0.15364322255985646,0.15926071901978195,0.3919734972671704,0.6427948805172266,8.791676697624455,2.4610754326581326,2.965076170627739,0.9044714913426432
Org2,org2_exp1,True,sklearn,output,-46.0,/home/rsb6/Desktop/TCC/TCC implementation/Model_OTFT/synthetic_inference_runs/Org2/Org2/tipo_p/output/output-neg46V_synth_002.npz,1500,0.14439603290045078,0.16896695365002767,0.37999478009632026,0.674044534121111,13.222088642205431,3.2377053772795157,3.636219003608753,0.8947097332006457
Org2,org2_exp1,True,sklearn,output,-48.0,/home/rsb6/Desktop/TCC/TCC implementation/Model_OTFT/synthetic_inference_runs/Org2/Org2/tipo_p/output/output-neg48V_synth_003.npz,1500,0.1372024071446289,0.18874811482176052,0.370408432874616,0.6987404256600653,23.705348186802023,4.539384594723361,4.868813837763981,0.8591185310301418
Org2,org2_exp1,True,sklearn,output,-50.0,/home/rsb6/Desktop/TCC/TCC implementation/Model_OTFT/synthetic_inference_runs/Org2/Org2/tipo_p/output/output-neg50V_synth_004.npz,1500,0.13451628940298166,0.21953474688544702,0.3667646239797149,0.7122496887964388,47.11210579176319,6.515545803257237,6.863825885886325,0.7875945773847488
Org2,org2_exp1,True,sklearn,transfer,-7.0,/home/rsb6/Desktop/TCC/TCC implementation/Model_OTFT/synthetic_inference_runs/Org2/Org2/tipo_p/transfer/transfer-neg7V_synth_000.npz,1500,0.0012422736815162188,0.02950952022251693,0.035245903045832416,0.9999124605465506,0.04931912718048435,0.13687681588172576,0.22207910117902663,0.9983580371913768
Org2,org2_exp1,True,sklearn,transfer,-9.0,/home/rsb6/Desktop/TCC/TCC implementation/Model_OTFT/synthetic_inference_runs/Org2/Org2/tipo_p/transfer/transfer-neg9V_synth_001.npz,1500,0.002338356037028585,0.0453921933211749,0.048356551128348524,0.9998407739396016,0.20350432706781926,0.2626395994325991,0.45111453874578156,0.9952388444951012
Org2,org2_exp1,True,sklearn,transfer,-11.0,/home/rsb6/Desktop/TCC/TCC implementation/Model_OTFT/synthetic_inference_runs/Org2/Org2/tipo_p/transfer/transfer-neg11V_synth_002.npz,1500,0.004872210978538716,0.06474193910003263,0.06980122476388732,0.999675666988618,0.6308740482311669,0.486354744677892,0.7942758011114067,0.9884614833499675
Org2,org2_exp1,True,sklearn,transfer,-13.0,/home/rsb6/Desktop/TCC/TCC implementation/Model_OTFT/synthetic_inference_runs/Org2/Org2/tipo_p/transfer/transfer-neg13V_synth_003.npz,1500,0.005800067079294508,0.06952989988942913,0.07615817145450977,0.999619797664095,0.9234154718692266,0.5900859466011045,0.9609450930564277,0.9858348754483728
Org2,org2_exp1,True,sklearn,transfer,-15.0,/home/rsb6/Desktop/TCC/TCC implementation/Model_OTFT/synthetic_inference_runs/Org2/Org2/tipo_p/transfer/transfer-neg15V_synth_004.npz,1500,0.00540213477285748,0.06652600145990624,0.07349921613770775,0.9996496255359398,0.987962833313426,0.6090214185794943,0.9939631951503164,0.9866515122731353
Org3,org3_exp1,True,sklearn,output,-18.0,/home/rsb6/Desktop/TCC/TCC implementation/Model_OTFT/synthetic_inference_runs/Org3/Org3/tipo_p/output/output-neg18V_synth_000.npz,1500,0.2258864542252317,0.28395081217977,0.47527513529031973,0.4160061805282008,2462.245969945908,45.42011772540535,49.62102346733598,0.5590261940349379
Org3,org3_exp1,True,sklearn,output,-20.0,/home/rsb6/Desktop/TCC/TCC implementation/Model_OTFT/synthetic_inference_runs/Org3/Org3/tipo_p/output/output-neg20V_synth_001.npz,1500,0.23563430536483235,0.28135916255977367,0.48542178089248567,0.463762075281863,4528.565857896201,61.50122535811799,67.29461982875155,0.6481755346504028
Org3,org3_exp1,True,sklearn,output,-22.0,/home/rsb6/Desktop/TCC/TCC implementation/Model_OTFT/synthetic_inference_runs/Org3/Org3/tipo_p/output/output-neg22V_synth_002.npz,1500,0.23894947005047382,0.27026206818214665,0.48882458003917295,0.5140947189161629,6717.733061952554,74.44429129600253,81.9617780550944,0.7383342605366363
Org3,org3_exp1,True,sklearn,output,-24.0,/home/rsb6/Desktop/TCC/TCC implementation/Model_OTFT/synthetic_inference_runs/Org3/Org3/tipo_p/output/output-neg24V_synth_003.npz,1500,0.23124504570213505,0.2494701203158401,0.48087945028056156,0.5740103158755037,8003.716881464235,80.3585835604545,89.46349468618044,0.8247727197835302
Org3,org3_exp1,True,sklearn,output,-26.0,/home/rsb6/Desktop/TCC/TCC implementation/Model_OTFT/synthetic_inference_runs/Org3/Org3/tipo_p/output/output-neg26V_synth_004.npz,1500,0.20794823353105843,0.22055828360486646,0.4560134137622033,0.6484272701770374,7790.3782837722765,77.9048007759086,88.26311961273676,0.8947254698990693
Org3,org3_exp1,True,sklearn,output,-22.0,/home/rsb6/Desktop/TCC/TCC implementation/Model_OTFT/synthetic_inference_runs/Org3/Org3/tipo_p/output/output-neg22V_synth_000.npz,1500,0.28536693133249047,0.2800630773063451,0.5341974647379848,0.48148630125855574,6792.712283518722,74.70799111807604,82.41791239481088,0.7390593855512428
Org3,org3_exp1,True,sklearn,output,-24.0,/home/rsb6/Desktop/TCC/TCC implementation/Model_OTFT/synthetic_inference_runs/Org3/Org3/tipo_p/output/output-neg24V_synth_001.npz,1500,0.27736541359857875,0.25927699968312246,0.5266549283910469,0.540253140806811,8098.971157916502,80.65393117294332,89.99428402913433,0.8248767780983327
Org3,org3_exp1,True,sklearn,output,-26.0,/home/rsb6/Desktop/TCC/TCC implementation/Model_OTFT/synthetic_inference_runs/Org3/Org3/tipo_p/output/output-neg26V_synth_002.npz,1500,0.2524301197333781,0.23020983370174652,0.5024242427803202,0.6137771682056192,7888.068474455464,78.17248177247868,88.81479873565814,0.894609772556767
Org3,org3_exp1,True,sklearn,output,-28.0,/home/rsb6/Desktop/TCC/TCC implementation/Model_OTFT/synthetic_inference_runs/Org3/Org3/tipo_p/output/output-neg28V_synth_003.npz,1500,0.2116072173108143,0.20777516972137877,0.46000784483616614,0.6977417788412038,8265.93954113711,78.20388707417065,90.91721256801216,0.9261899470352097
Org3,org3_exp1,True,sklearn,output,-30.0,/home/rsb6/Desktop/TCC/TCC implementation/Model_OTFT/synthetic_inference_runs/Org3/Org3/tipo_p/output/output-neg30V_synth_004.npz,1500,0.1763334270714193,0.23372328801327388,0.4199207390346651,0.7623326661137447,17206.647961553674,113.95919964984652,131.17411315329588,0.8901967037223237
Org3,org3_exp1,True,sklearn,transfer,-4.0,/home/rsb6/Desktop/TCC/TCC implementation/Model_OTFT/synthetic_inference_runs/Org3/Org3/tipo_p/transfer/transfer-neg4V_synth_000.npz,1500,0.010920316174633397,0.07171371271241704,0.10450031662456051,0.9998626293267573,270.94432986140754,8.985926144332057,16.460386686266137,0.9870769546304251
Org3,org3_exp1,True,sklearn,transfer,-6.0,/home/rsb6/Desktop/TCC/TCC implementation/Model_OTFT/synthetic_inference_runs/Org3/Org3/tipo_p/transfer/transfer-neg6V_synth_001.npz,1500,0.022834345344954595,0.13100792141608417,0.151110374709861,0.9997198477570162,1545.528330565158,25.30280108134625,39.313208093020826,0.9632978443109249
Org3,org3_exp1,True,sklearn,transfer,-8.0,/home/rsb6/Desktop/TCC/TCC implementation/Model_OTFT/synthetic_inference_runs/Org3/Org3/tipo_p/transfer/transfer-neg8V_synth_002.npz,1500,0.031144484072358328,0.15577381023298778,0.17647799883373091,0.9996234621050644,3537.4485486065983,40.093203682820786,59.47645373260412,0.9464006796316669
Org3,org3_exp1,True,sklearn,transfer,-10.0,/home/rsb6/Desktop/TCC/TCC implementation/Model_OTFT/synthetic_inference_runs/Org3/Org3/tipo_p/transfer/transfer-neg10V_synth_003.npz,1500,0.0303876766040703,0.15229293172583858,0.1743206143979257,0.999636033141088,4495.807024407845,45.61150297169802,67.05077944668388,0.9499659136295989
Org3,org3_exp1,True,sklearn,transfer,-12.0,/home/rsb6/Desktop/TCC/TCC implementation/Model_OTFT/synthetic_inference_runs/Org3/Org3/tipo_p/transfer/transfer-neg12V_synth_004.npz,1500,0.02520514007206639,0.13736222473410542,0.15876126754364991,0.9996999802913162,4148.362607556418,44.23304313505711,64.40778374976442,0.9628287646855399
Org3,org3_exp1,True,sklearn,output,-10.0,/home/rsb6/Desktop/TCC/TCC implementation/Model_OTFT/synthetic_inference_runs/Org3/Org3/tipo_p/output/output-neg10V_synth_000.npz,1500,0.227073159229356,0.1445958124169163,0.47652193992444464,0.12801611901001608,5.261187355884588,1.119193790786926,2.293727829513473,0.39724535383284254
Org3,org3_exp1,True,sklearn,output,-12.0,/home/rsb6/Desktop/TCC/TCC implementation/Model_OTFT/synthetic_inference_runs/Org3/Org3/tipo_p/output/output-neg12V_synth_001.npz,1500,0.2626496141652088,0.2215851112044712,0.5124935259739472,0.1999403434796857,56.77352902196197,5.860820585326796,7.5348211008597925,0.4414431823784154
Org3,org3_exp1,True,sklearn,output,-14.0,/home/rsb6/Desktop/TCC/TCC implementation/Model_OTFT/synthetic_inference_runs/Org3/Org3/tipo_p/output/output-neg14V_synth_002.npz,1500,0.2902742546106036,0.2730505592885496,0.5387710595518319,0.25329642675355646,322.2698998361885,15.857442330538492,17.95187733459062,0.4291505328476719
Org3,org3_exp1,True,sklearn,output,-16.0,/home/rsb6/Desktop/TCC/TCC implementation/Model_OTFT/synthetic_inference_runs/Org3/Org3/tipo_p/output/output-neg16V_synth_003.npz,1500,0.31060412940539045,0.2942406353761518,0.5573186964434178,0.3040175629800804,1067.8362246108109,29.644382455452533,32.6777634579053,0.48172126501271606
Org3,org3_exp1,True,sklearn,output,-18.0,/home/rsb6/Desktop/TCC/TCC implementation/Model_OTFT/synthetic_inference_runs/Org3/Org3/tipo_p/output/output-neg18V_synth_004.npz,1500,0.326343539935065,0.30061081856985267,0.5712648597061305,0.35121391820031,2505.3450391378265,45.66862556018878,50.053421852435086,0.5628384096111296
Org4,org4_exp1,True,sklearn,output,-22.0,/home/rsb6/Desktop/TCC/TCC implementation/Model_OTFT/synthetic_inference_runs/Org4/Org4/tipo_p/output/output-neg22V_synth_000.npz,1500,0.2645845033872138,0.13284639924199568,0.5143777827503963,0.01723985746771206,3.2655614793232117,0.84421392479399,1.807086461496298,0.06932056665176511
Org4,org4_exp1,True,sklearn,output,-24.0,/home/rsb6/Desktop/TCC/TCC implementation/Model_OTFT/synthetic_inference_runs/Org4/Org4/tipo_p/output/output-neg24V_synth_001.npz,1500,0.28705700684689966,0.13472686873510337,0.5357770122419397,0.04009637829503976,8.483593809538542,1.2834793828501798,2.912660949980025,0.17893025608308566
Org4,org4_exp1,True,sklearn,output,-26.0,/home/rsb6/Desktop/TCC/TCC implementation/Model_OTFT/synthetic_inference_runs/Org4/Org4/tipo_p/output/output-neg26V_synth_002.npz,1500,0.30619023853636074,0.13525540127638602,0.5533445929403853,0.0667753409626699,18.340754893103103,1.7664070157664216,4.28261075666504,0.2846012172762017
Org4,org4_exp1,True,sklearn,output,-28.0,/home/rsb6/Desktop/TCC/TCC implementation/Model_OTFT/synthetic_inference_runs/Org4/Org4/tipo_p/output/output-neg28V_synth_003.npz,1500,0.32340844815699626,0.13608348802714368,0.5686901161062994,0.09405127523036971,34.86198192894169,2.28777608301643,5.9044036048479684,0.37585184661747684
Org4,org4_exp1,True,sklearn,output,-30.0,/home/rsb6/Desktop/TCC/TCC implementation/Model_OTFT/synthetic_inference_runs/Org4/Org4/tipo_p/output/output-neg30V_synth_004.npz,1500,0.3394776767986706,0.1432843236681121,0.5826471288856323,0.12077941895856914,60.219801303631236,3.116401309043788,7.760141835277963,0.4521967194993223
Org4,org4_exp1,True,sklearn,transfer,-42.0,/home/rsb6/Desktop/TCC/TCC implementation/Model_OTFT/synthetic_inference_runs/Org4/Org4/tipo_p/transfer/transfer-neg42V_synth_000.npz,1500,0.000871808047744144,0.01468858094256358,0.029526395779778877,0.9999701241932544,5.6443192394516375,1.5430986132335565,2.3757776073217873,0.9997900373631183
Org4,org4_exp1,True,sklearn,transfer,-44.0,/home/rsb6/Desktop/TCC/TCC implementation/Model_OTFT/synthetic_inference_runs/Org4/Org4/tipo_p/transfer/transfer-neg44V_synth_001.npz,1500,0.0007426807256572152,0.013717909748141485,0.027252169191776556,0.9999746213590576,5.501545492690608,1.4976229291082912,2.3455373569164504,0.9998087129908925
Org4,org4_exp1,True,sklearn,transfer,-46.0,/home/rsb6/Desktop/TCC/TCC implementation/Model_OTFT/synthetic_inference_runs/Org4/Org4/tipo_p/transfer/transfer-neg46V_synth_002.npz,1500,0.0006475466015527109,0.013308664291374677,0.025446936977811512,0.999977928567968,5.57434059152166,1.4863081855309792,2.3610041489844233,0.999817872362512
Org4,org4_exp1,True,sklearn,transfer,-48.0,/home/rsb6/Desktop/TCC/TCC implementation/Model_OTFT/synthetic_inference_runs/Org4/Org4/tipo_p/transfer/transfer-neg48V_synth_003.npz,1500,0.0005745314687694422,0.012979795446309585,0.023969386074103823,0.9999804619842745,5.497236326339091,1.4346105752162315,2.3446185886704667,0.9998303854949236
Org4,org4_exp1,True,sklearn,transfer,-50.0,/home/rsb6/Desktop/TCC/TCC implementation/Model_OTFT/synthetic_inference_runs/Org4/Org4/tipo_p/transfer/transfer-neg50V_synth_004.npz,1500,0.0005155102689433749,0.012610663962232704,0.022704851220463323,0.9999825049811603,5.072099865243226,1.346718405888281,2.2521322930154937,0.9998515232503553
Org4,org4_exp1,True,sklearn,output,-42.0,/home/rsb6/Desktop/TCC/TCC implementation/Model_OTFT/synthetic_inference_runs/Org4/Org4/tipo_p/output/output-neg42V_synth_000.npz,1500,0.41834680663428403,0.18576480879995783,0.6467973458775816,0.2696108912696631,458.5575865716025,10.622399571963337,21.413957751233248,0.7379124006433562
Org4,org4_exp1,True,sklearn,output,-44.0,/home/rsb6/Desktop/TCC/TCC implementation/Model_OTFT/synthetic_inference_runs/Org4/Org4/tipo_p/output/output-neg44V_synth_001.npz,1500,0.4276383691627309,0.19008676820383213,0.6539406465136809,0.2935750868911662,557.2051639572237,11.80792204882657,23.605193580168404,0.7694384317046004
Org4,org4_exp1,True,sklearn,output,-46.0,/home/rsb6/Desktop/TCC/TCC implementation/Model_OTFT/synthetic_inference_runs/Org4/Org4/tipo_p/output/output-neg46V_synth_002.npz,1500,0.4353982605194662,0.19381177322753027,0.6598471493607184,0.3175338641866987,657.2093002162546,12.907319250460207,25.636093700411042,0.79780932765684
Org4,org4_exp1,True,sklearn,output,-48.0,/home/rsb6/Desktop/TCC/TCC implementation/Model_OTFT/synthetic_inference_runs/Org4/Org4/tipo_p/output/output-neg48V_synth_003.npz,1500,0.44145409256842466,0.1970305266821145,0.6644201175223585,0.3415673765917898,754.0890451273311,13.930862715576058,27.460681803759556,0.8233667512784839
Org4,org4_exp1,True,sklearn,output,-50.0,/home/rsb6/Desktop/TCC/TCC implementation/Model_OTFT/synthetic_inference_runs/Org4/Org4/tipo_p/output/output-neg50V_synth_004.npz,1500,0.44564236801971735,0.20001298277342858,0.6675645047631856,0.3657518599397911,842.909821156745,14.957646765227258,29.03290927820953,0.8464378528635041
Org4,org4_exp1,True,sklearn,output,-62.0,/home/rsb6/Desktop/TCC/TCC implementation/Model_OTFT/synthetic_inference_runs/Org4/Org4/tipo_p/output/output-neg62V_synth_000.npz,1500,0.42532856525301843,0.19491868134778179,0.6521721898801102,0.5165269807561002,941.2841414870956,17.28967920492599,30.680354324666713,0.9458735660099501
Org4,org4_exp1,True,sklearn,output,-64.0,/home/rsb6/Desktop/TCC/TCC implementation/Model_OTFT/synthetic_inference_runs/Org4/Org4/tipo_p/output/output-neg64V_synth_001.npz,1500,0.41413049509912403,0.18827085223999135,0.6435297157856225,0.542520496333978,861.9629786901388,16.45344187940116,29.35920602962789,0.9570724830431073
Org4,org4_exp1,True,sklearn,output,-66.0,/home/rsb6/Desktop/TCC/TCC implementation/Model_OTFT/synthetic_inference_runs/Org4/Org4/tipo_p/output/output-neg66V_synth_002.npz,1500,0.40095764649142857,0.179868096873634,0.6332121654638583,0.5685345448821801,760.7310976153487,15.299917301445877,27.5813541657285,0.9668010279688771
Org4,org4_exp1,True,sklearn,output,-68.0,/home/rsb6/Desktop/TCC/TCC implementation/Model_OTFT/synthetic_inference_runs/Org4/Org4/tipo_p/output/output-neg68V_synth_003.npz,1500,0.3860718463407201,0.1695797382660974,0.621346800378597,0.5943779122766015,645.7624684162612,13.84769183226899,25.411856847075562,0.975028028393759
Org4,org4_exp1,True,sklearn,output,-70.0,/home/rsb6/Desktop/TCC/TCC implementation/Model_OTFT/synthetic_inference_runs/Org4/Org4/tipo_p/output/output-neg70V_synth_004.npz,1500,0.36983163196546265,0.15725782121387405,0.6081378396099544,0.6197938059813606,528.0685415696712,12.119138930068283,22.979741982225807,0.9817118543315023
Org4,org4_exp1,True,sklearn,output,-82.0,/home/rsb6/Desktop/TCC/TCC implementation/Model_OTFT/synthetic_inference_runs/Org4/Org4/tipo_p/output/output-neg82V_synth_000.npz,1500,5.216885084728428,0.44786061322777165,2.2840501493462066,0.23010027180345205,748.0548027989271,20.835218237695045,27.350590538394727,0.9838769899551514
Org4,org4_exp1,True,sklearn,output,-84.0,/home/rsb6/Desktop/TCC/TCC implementation/Model_OTFT/synthetic_inference_runs/Org4/Org4/tipo_p/output/output-neg84V_synth_001.npz,1500,4.536898567141147,0.44514891828941083,2.12999966364813,0.23157896335563177,1353.6961243859873,28.371102538808657,36.79260964359538,0.9709266566509499
Org4,org4_exp1,True,sklearn,output,-86.0,/home/rsb6/Desktop/TCC/TCC implementation/Model_OTFT/synthetic_inference_runs/Org4/Org4/tipo_p/output/output-neg86V_synth_002.npz,1500,14.338333449000205,1.1767997910109609,3.7865991930755234,0.173864650484166,3294.3235670952113,42.196143151230224,57.39619819374112,0.9324195637135717
Org4,org4_exp1,True,sklearn,output,-88.0,/home/rsb6/Desktop/TCC/TCC implementation/Model_OTFT/synthetic_inference_runs/Org4/Org4/tipo_p/output/output-neg88V_synth_003.npz,1500,15.507273037359068,1.2946157386558113,3.9379275053458094,0.16670318412305196,6271.059910816936,53.25503008040915,79.1900240612221,0.8815742768948939
Org4,org4_exp1,True,sklearn,output,-90.0,/home/rsb6/Desktop/TCC/TCC implementation/Model_OTFT/synthetic_inference_runs/Org4/Org4/tipo_p/output/output-neg90V_synth_004.npz,1500,19.181286660320993,1.5680376641592038,4.3796445815066996,0.1411067513566241,10383.68240736905,66.07554107799886,101.9003552857842,0.8169942886112925
